<?xml version='1.0'?>
<extension>
	<id>affd836d-ef36-ae47-79ab-815df2866642</id>
	<name>PLUGIN_DYNAMICPLAYLISTS3</name>
	<module>Plugins::DynamicPlaylists3::Plugin</module>
	<version>3.7.8</version>
	<description>PLUGIN_DYNAMICPLAYLISTS3_DESC</description>
	<creator>AF</creator>
	<optionsURL>plugins/DynamicPlaylists3/settings/basic.html</optionsURL>
	<homepageURL>https://github.com/AF-1/lms-dynamicplaylists</homepageURL>
	<defaultState>enabled</defaultState>
	<icon>plugins/DynamicPlaylists3/html/images/dpl_icon_svg.png</icon>
	<playerMenu>BROWSE_MUSIC</playerMenu>
	<canConflictWithDSTM>1</canConflictWithDSTM>
	<targetApplication>
		<id>Logitech Media Server</id>
		<minVersion>7.9</minVersion>
		<maxVersion>*</maxVersion>
	</targetApplication>
</extension>
